OBJECTID,YEAR_,STATE,AGENCY,UNIT_ID,FIRE_NAME,INC_NUM,ALARM_DATE,CONT_DATE,REPORT_AC,GIS_ACRES,OBJECTIVE,SHAPEAREA,SHAPELEN
33889,2010,CA,USF,SQF,BULL,2701,2010/07/25 00:00:00+00,2010/07/31 00:00:00+00,16442,16448.22460938,1,101433591.493546,75380.471792546
33890,2010,CA,USF,SQF,CANYON,003564,2010/09/12 00:00:00+00,2010/09/24 00:00:00+00,9820,9336.10742188,1,57206017.6869037,70270.7242429781
34636,2016,CA,CDF,MVU,BORDER 3,014498,2016/06/19 00:00:00+00,2016/07/07 00:00:00+00,7609,7606.02636719,1,43496574.9484406,60505.4250899179
34642,2016,CA,DOD,AFV,CANYON,,,2016/09/28 00:00:00+00,,12713.62207031,1,76109524.8749933,51201.069588166
38718,2010,CA,CCO,LAC,CROWN,169202,2010/07/29 00:00:00+00,2010/08/02 00:00:00+00,13918,12582.27539063,1,75287110.2227045,99892.1142997673
38769,2010,CA,BLM,NOD,MCDONALD,00003688,2010/07/26 00:00:00+00,2010/08/10 00:00:00+00,9408,9406.03320313,1,66786673.6931694,87739.369786174
38844,2011,CA,CDF,BDU,JOHN,00010475,2011/09/13 00:00:00+00,2011/09/16 00:00:00+00,5353,5799.84130859,1,36981655.8429717,25623.9012999982
38919,2011,CA,CCO,KRN,ANTELOPE,1117988,2011/06/19 00:00:00+00,2011/06/21 00:00:00+00,5196,5068.75341797,1,30984982.2645411,32885.4190348756
38923,2011,CA,CCO,KRN,BRECKENRIDGE COMPLEX,01127969,2011/09/10 00:00:00+00,2011/09/17 00:00:00+00,25230,25223.41210938,1,153998209.230148,108936.958165441
38925,2011,CA,CCO,KRN,CANYON,01127244,2011/09/04 00:00:00+00,2011/09/10 00:00:00+00,14585,14585.359375,1,88202155.6160928,73058.5831931104
38927,2011,CA,CCO,KRN,COMANCHE,01127933,2011/09/10 00:00:00+00,2011/09/17 00:00:00+00,25938,25939.01171875,1,157240316.951772,82556.8149346594
38939,2011,CA,CCO,KRN,REED,01127925,2011/09/10 00:00:00+00,2011/09/11 00:00:00+00,5900,5899.56835938,1,36122198.9244026,30547.1198528363
38993,2011,CA,CDF,MVU,EAGLE,00008019,2011/07/21 00:00:00+00,2011/07/29 00:00:00+00,14100,13992.9921875,1,81301191.8667958,106704.092969177
39080,2011,CA,USF,SQF,LION,00002087,2011/07/08 00:00:00+00,2011/11/08 00:00:00+00,20500,20681.5390625,1,129117383.128942,101561.799622486
39081,2011,CA,USF,SQF,MOTOR,00002117,2011/08/25 00:00:00+00,2011/10/01 00:00:00+00,5230.31720425,5230.33837891,1,33848175.1565329,33502.1635508491
39164,2012,CA,BLM,CDD,JAWBONE COMPLEX,00011542,2012/08/10 00:00:00+00,2012/09/05 00:00:00+00,12018,12015.20800781,1,73128011.6269244,90661.3449119565
39166,2012,CA,BLM,CDD,LIKLEY,00003916,2012/09/05 00:00:00+00,2012/10/21 00:00:00+00,9838,9965.59765625,1,71209131.1874738,137698.78984631
39175,2012,CA,BLM,CDD,STWEART,00008747,2012/08/13 00:00:00+00,2012/08/20 00:00:00+00,22829,10630.22558594,1,61517360.0813812,48025.585055351
39179,2012,CA,BLM,CDD,WILSON,00008747,2012/08/13 00:00:00+00,2012/08/20 00:00:00+00,22829,11667.13769531,1,67597875.1616508,61279.9771963629
39184,2012,CA,BLM,CND,INDIAN,00000942,2012/08/08 00:00:00+00,2012/08/24 00:00:00+00,12575,12575.23828125,1,81981634.496514,76775.9757097939
39212,2012,CA,USF,KNF,GOFF,00005659,2012/08/05 00:00:00+00,2012/10/01 00:00:00+00,22283,22266.9453125,1,162751189.553076,167264.328606719
39264,2012,CA,CDF,LNU,SIXTEEN_COMPLEX,00007072,2012/09/04 00:00:00+00,2012/09/15 00:00:00+00,17944,17942.1484375,1,120391381.97726,84244.2018484343
39268,2012,CA,CDF,LNU,WALKER,00006334,2012/08/12 00:00:00+00,2012/08/24 00:00:00+00,7934,5102.58251953,1,34261006.6106352,31923.3775131276
39292,2012,CA,USF,MNF,MILL,00001109,2012/07/07 00:00:00+00,2012/07/18 00:00:00+00,29052,29525.45117188,1,199893955.060433,77995.283212542
39293,2012,CA,USF,MNF,NORTH PASS,00001446,2012/06/18 00:00:00+00,2012/09/27 00:00:00+00,41983,41812.51953125,1,287729525.390555,111126.693965244
39299,2012,CA,CDF,MVU,BANNER FIRE,00005400,2012/05/24 00:00:00+00,2012/05/29 00:00:00+00,5132,5320.11572266,1,30731176.3276214,43905.6024866097
39327,2012,CA,BLM,NOD,RUSH,00003490,2012/08/12 00:00:00+00,2012/10/22 00:00:00+00,315577,315511.5,1,2218061438.27043,546507.002846647
39335,2012,CA,USF,PNF,CHIPS,00001001,2012/07/28 00:00:00+00,2012/08/31 00:00:00+00,75431,76349.7109375,1,528590181.58389,204185.095814946
39356,2012,CA,USF,SHF,BAGLEY,00002744,2012/08/18 00:00:00+00,2012/10/29 00:00:00+00,46011,46040.1484375,1,327793840.784216,117009.570731884
39424,2012,CA,CDF,TGU,PONDEROSA,00006696,2012/08/18 00:00:00+00,2012/10/12 00:00:00+00,27676,27670.37890625,1,193418516.771159,102054.412977763
39430,2012,OR,USF,FNF,BARRY POINT ,00120680,2012/08/06 00:00:00+00,2012/09/17 00:00:00+00,93071,92944.53125,1,681902775.813948,249671.910051225
39439,2013,CA,USF,ANF,POWERHOUSE,00002297,2013/05/30 00:00:00+00,2013/12/18 00:00:00+00,30268,30267.69140625,1,181466415.323797,145512.966857856
39452,2013,CA,CDF,BDF,MOUNTAIN,00000057,2013/07/15 00:00:00+00,2013/07/30 00:00:00+00,27505,27523.66601563,1,161435507.04545,95986.4733405013
39469,2013,CA,CDF,BTU,PANTHER,00005648,2013/05/01 00:00:00+00,2013/12/09 00:00:00+00,6896,6896.19824219,1,47851691.8091023,48466.5493839445
39474,2013,CA,BLM,CCD,RED ROCK,00030217,2013/07/01 00:00:00+00,2013/07/05 00:00:00+00,,5365.24462891,1,36965185.2139333,38833.5307889911
39497,2013,CA,USF,KNF,SALMON COMPLEX,00005561,2013/07/31 00:00:00+00,2013/08/25 00:00:00+00,14785,14785.87597656,1,106172732.563088,89990.971269082
39587,2013,CA,CDF,MVU,CHARIOT,00014084,2013/07/06 00:00:00+00,2013/07/15 00:00:00+00,7055,7084.67285156,1,40807511.6855089,53154.6994724849
39626,2013,CA,CDF,RRU,SILVER,00070781,2013/08/07 00:00:00+00,2013/08/13 00:00:00+00,19907,20308.453125,1,119546073.563679,98489.4752809718
39638,2013,CA,CDF,SHU,CLOVER,00008265,2013/09/09 00:00:00+00,2013/09/15 00:00:00+00,8073,8075.77441406,1,56508890.3606591,45335.9226587693
39655,2013,CA,USF,SNF,ASPEN,00000010,2013/07/22 00:00:00+00,2013/09/08 00:00:00+00,22992,22937.52148438,1,146988394.219852,95975.0236433222
39665,2013,CA,USF,SRF,BUTLER,00000024,2013/07/31 00:00:00+00,2013/10/01 00:00:00+00,22445,22444.86132813,1,160953803.01909,144909.35767211
39666,2013,CA,USF,SRF,CORRAL,00000044,2013/08/10 00:00:00+00,2013/10/02 00:00:00+00,12531,12541.41503906,1,89271126.5827252,132983.896229682
39674,2013,CA,USF,STF,RIM,00000006,2013/08/17 00:00:00+00,2013/10/24 00:00:00+00,255858,256175.53125,1,1667948766.79537,432168.67806399
39681,2013,CA,CDF,TGU,DEER,00006768,2013/08/23 00:00:00+00,2013/08/29 00:00:00+00,11429,11428.75292969,1,79081221.0134954,48992.7104671166
39683,2013,CA,USF,TNF,AMERICAN,00000049,2013/08/10 00:00:00+00,2013/10/08 00:00:00+00,27740,27430.52148438,1,184785600.244408,81139.6744425007
39691,2013,CA,CCO,VNC,SPRINGS,,2013/05/02 00:00:00+00,2013/05/08 00:00:00+00,24251,24059.85742188,1,142450445.98477,143152.633022168
39694,2013,NV,USF,HTF,SPRING PEAK,00030475,2013/08/18 00:00:00+00,2013/08/27 00:00:00+00,,14267.09277344,1,93756761.0055978,64610.1608312945
39711,2014,CA,CDF,LMU,DAY,003472,2014/07/30 00:00:00+00,2014/08/13 00:00:00+00,13153,13150.66601563,1,94236517.8725591,69253.8232299704
39715,2014,CA,CDF,MEU,LODGE,007202,2014/07/30 00:00:00+00,2014/09/18 00:00:00+00,12536,12533.18359375,1,85991479.3372626,55614.8864146775
39724,2014,CA,CDF,SHU,BULLY,006248,2014/07/11 00:00:00+00,2014/07/23 00:00:00+00,12661,12658.74121094,1,88582432.4758681,63464.925271903
39729,2014,OR,OTH,,OREGON GULCH,005589,2014/07/30 00:00:00+00,2014/08/13 00:00:00+00,35105.2137,35111.24609375,1,257701300.496301,91648.0944083473
39741,2014,CA,CDF,LNU,MONTICELLO,005465,2014/07/04 00:00:00+00,2014/07/12 00:00:00+00,,6599.38720703,1,43715292.8076699,38280.8592279254
39756,2014,CA,USF,ENF,KING,023461,2014/09/13 00:00:00+00,2014/10/10 00:00:00+00,97717,97684.546875,1,653652229.560991,364390.076349643
39762,2014,CA,USF,LNF,BALD,003479,2014/07/30 00:00:00+00,2014/08/15 00:00:00+00,39751,39752.1953125,1,281617429.871826,115427.877715454
39763,2014,CA,USF,LNF,EILER,003502,2014/07/31 00:00:00+00,2014/08/24 00:00:00+00,47958,31995.21875,1,226121888.76142,131216.749269513
39779,2014,CA,USF,SHF,COFFEE,002410,2014/07/29 00:00:00+00,2014/10/30 00:00:00+00,6251,6181.77294922,1,44165985.4251227,35542.7194352617
39785,2014,CA,USF,SNF,FRENCH,001619,2014/07/27 00:00:00+00,2014/08/18 00:00:00+00,13837,13831.63867188,1,88612906.6811472,74291.2012158218
39793,2014,CA,USF,KNF,LITTLE DEER,005575,2014/07/30 00:00:00+00,2014/08/12 00:00:00+00,5498,5499.70654297,1,39923459.0470931,33708.9211864479
39794,2014,CA,USF,KNF,BEAVER,005497,2014/07/30 00:00:00+00,2014/10/08 00:00:00+00,32496,32493.39648438,1,237442299.520538,184785.729757607
39797,2014,CA,USF,KNF,WHITES,005511,2014/07/30 00:00:00+00,2014/09/25 00:00:00+00,33758,33794.4375,1,242634135.680769,175595.08050638
39803,2014,CA,USF,KNF,FRYING PAN,006008,2014/08/11 00:00:00+00,2014/09/30 00:00:00+00,133284.2,133177.375,1,967551675.533853,402078.275737088
39813,2014,NV,BLM,NOD,COLEMAN,002798,2014/07/01 00:00:00+00,2014/08/22 00:00:00+00,15233,15242.86816406,1,111340659.181287,102552.256518997
39820,2014,CA,DOD,MCP,TOMAHAWK- BASILONE COMPLEX,001363,2014/05/19 00:00:00+00,,,5365.31103516,1,31204574.8307538,41742.2643246708
39821,2014,CA,DOD,MCP,PULGAS-BASILONE COMPLEX,001363,2014/05/19 00:00:00+00,,,15186.14257813,1,88248215.8634951,68247.476255115
40373,2010,CA,NPS,KNP,SHEEP COMPLEX,00000039,2010/07/17 00:00:00+00,2010/10/25 00:00:00+00,9020,9021.52246094,2,57024667.6718549,63649.1933930199
40570,2012,CA,NPS,LNP,READING,00003115,2012/07/23 00:00:00+00,2012/11/13 00:00:00+00,,28073.203125,1,197002140.422229,86000.4949438773
40705,2015,CA,CDF,AEU,BUTTE,024918,2015/09/10 00:00:00+00,2015/09/28 00:00:00+00,70868,70846.53125,1,465799219.25616,196390.617654769
40708,2015,CA,CDF,BDU,ROUND,001662,2015/02/07 00:00:00+00,2015/02/09 00:00:00+00,7000,6537.51855469,1,42097390.0654625,36854.3661173304
40735,2015,CA,CDF,LNU,JERUSALEM ,007410,2015/08/09 00:00:00+00,2015/08/24 00:00:00+00,25118,25118.37695313,1,167772667.876486,95724.1422850729
40737,2015,CA,CDF,LNU,WRAGG ,006678,2015/07/22 00:00:00+00,2015/08/05 00:00:00+00,8051,8049.33447266,1,53246628.0274337,47191.7261068804
40738,2015,CA,CDF,LNU,ROCKY  ,006984,2015/07/29 00:00:00+00,2015/08/14 00:00:00+00,69636,69438.1640625,1,465224922.409761,173880.70063069
40760,2015,CA,CDF,LNU,VALLEY ,008670,2015/09/12 00:00:00+00,2015/10/06 00:00:00+00,,76084.8359375,1,507512244.454611,308444.169862205
40814,2015,CA,BLM,NOD,DODGE,003806,2015/08/03 00:00:00+00,2015/08/17 00:00:00+00,10570,10517.51660156,1,74691267.3535255,88223.2033657421
40851,2015,CA,USF,HTF,WASHINGTON,030251,2015/07/19 00:00:00+00,2015/01/01 00:00:00+00,,17779.5390625,1,118123207.687336,122944.028373336
40874,2015,CA,USF,BDF,LAKE,007894,2015/06/17 00:00:00+00,2015/12/31 00:00:00+00,51000,31284.44140625,1,185293114.527639,158620.292250028
40882,2015,CA,USF,SNF,ROUGH,001746,2015/07/31 00:00:00+00,2015/11/06 00:00:00+00,151623,151546.8125,1,959357207.187061,400638.393894751
40898,2015,CA,USF,SRF,NICKOWITZ,001470,2015/08/01 00:00:00+00,2015/11/02 00:00:00+00,7570,7576.04541016,1,54625121.7218641,69756.9913910872
40899,2015,CA,USF,SRF,BEAR,001488,2015/07/31 00:00:00+00,2015/10/31 00:00:00+00,11609,11616.88085938,1,84763295.6826956,82475.4035249793
40900,2015,CA,USF,SRF,COON,001488,2015/08/01 00:00:00+00,2015/10/31 00:00:00+00,5679,5682.62695313,1,41361446.3129405,42684.3009136011
40903,2015,CA,USF,SRF,PEAK,001488,2015/08/01 00:00:00+00,2015/10/31 00:00:00+00,11516,11524.46484375,1,83446165.3238795,118811.643330565
40904,2015,CA,USF,SRF,GROVES,002066,2015/07/30 00:00:00+00,2015/10/30 00:00:00+00,6797.8,6803.03076172,1,48331210.5301559,70132.6287875865
40906,2015,CA,USF,SRF,PICKETT,001433,2015/07/30 00:00:00+00,2015/09/01 00:00:00+00,11004.3,11012.80273438,1,76839598.9473301,59672.0608056779
40907,2015,CA,USF,SRF,GOBBLER,001433,2015/07/30 00:00:00+00,2015/09/01 00:00:00+00,8298.7,8305.01855469,1,57921393.3578864,48021.3572090991
40908,2015,CA,USF,SRF,LASSICS,001433,2015/07/30 00:00:00+00,2015/09/06 00:00:00+00,18178.4,18192.03320313,1,126802166.595997,78069.7639655642
40912,2015,CA,USF,SRF,BLAKE,001476,2015/07/30 00:00:00+00,,11431,11439.25195313,1,80471630.5572639,72904.7978026733
40914,2015,CA,USF,SQF,CABIN SEQ,002313,2015/07/19 00:00:00+00,2015/11/23 00:00:00+00,6960,6996.18603516,1,43633457.3232245,62918.3825406365
40929,2015,CA,USF,SHF,RAIL,002067,2015/07/30 00:00:00+00,2015/10/30 00:00:00+00,8669,8669.77148438,1,60734381.1684824,59841.0672065851
40931,2015,CA,USF,SHF,PEAK SHA,002067,2015/07/30 00:00:00+00,2015/10/30 00:00:00+00,6269,6273.94921875,1,43953657.784327,32308.1875015782
40932,2015,CA,USF,SHF,SHEILL,002067,2015/07/30 00:00:00+00,2015/10/30 00:00:00+00,15378,15390.6484375,1,107677333.195348,77057.4921830286
40935,2015,CA,USF,SHF,HAPPY,002066,2015/07/30 00:00:00+00,2015/08/08 00:00:00+00,1800,68095.2421875,1,483017056.935063,286588.99218332
40940,2015,CA,USF,SHF,JOHNSON,001476,2015/07/30 00:00:00+00,2015/10/30 00:00:00+00,34006,17821.10742188,1,125135015.924882,138905.624513123
40943,2015,CA,USF,SHF,PATTISON,002108,2015/07/30 00:00:00+00,2015/08/18 00:00:00+00,13698,12916.57226563,1,90937981.0014341,95766.2664802495
40944,2015,CA,USF,SHF,CASTLE,002108,2015/06/23 00:00:00+00,2015/06/23 00:00:00+00,0.8,14253.95117188,1,100435993.238494,75124.5483260711
41099,2016,CA,CDF,LNU,COLD,007135,2016/08/02 00:00:00+00,2016/08/09 00:00:00+00,5731,5730.07470703,1,37952065.4153833,43778.6274941869
41112,2016,CA,CDF,SLU,CHIMNEY,008948,2016/08/13 00:00:00+00,2016/09/09 00:00:00+00,46235,46233.91796875,1,284621239.679811,135850.097552489
41136,2016,CA,CDF,FKU,MINERAL,011358,2016/08/08 00:00:00+00,2016/08/19 00:00:00+00,7050,6790.29296875,1,42224837.1469984,40816.0311054877
41151,2016,CA,CDF,BEU,SOBERANES,003422,2016/07/22 00:00:00+00,2016/10/13 00:00:00+00,132127,132104.28125,1,825293496.995786,470055.23481746
41219,2016,CA,BLM,CND,ERSKINE,001415,2016/06/23 00:00:00+00,2016/06/30 00:00:00+00,48007,48008.3515625,1,294304307.004111,186583.036955336
41250,2016,CA,USF,BDF,PILOT,010205,2016/08/07 00:00:00+00,,8110,8110.85498047,1,48226403.3772502,52377.6092900271
41251,2016,CA,USF,BDF,BLUE CUT,010468,2016/08/16 00:00:00+00,2016/08/26 00:00:00+00,36274,36266.6953125,1,215722539.079901,157079.384335763
41254,2016,CA,USF,ENF,TRAILHEAD,015200,2016/06/28 00:00:00+00,2016/11/08 00:00:00+00,5646,5644.68017578,1,37835129.3915666,38559.9988475948
41257,2016,CA,USF,INF,OWENS RIVER,001763,2016/09/17 00:00:00+00,2016/11/18 00:00:00+00,5443,5461.39208984,1,35401553.8204974,61696.1111070233
41262,2016,CA,USF,SQF,CEDAR,002595,2016/08/16 00:00:00+00,2016/08/16 00:00:00+00,29193,29100.55859375,1,179369477.889372,127541.842595852
41279,2016,CA,USF,ANF,SAND,003008,2016/07/22 00:00:00+00,2016/08/07 00:00:00+00,41432,41382.859375,1,246512875.667682,121359.962379308
41286,2016,CA,USF,LPF,SHERPA ,001643,2016/06/15 00:00:00+00,2016/07/11 00:00:00+00,7474,7465.75146484,1,44587072.1189234,50070.3397093557
41287,2016,CA,USF,LPF,REY,002809,2016/08/18 00:00:00+00,2016/09/15 00:00:00+00,32606,32580.43554688,1,194972416.780621,167261.430551648
41295,2016,CA,USF,KNF,GAP,007501,2016/08/27 00:00:00+00,,30696,33011.44140625,1,240998600.77359,250892.876609018
41428,2015,CA,USF,SNF,WILLOW,00001689,2015/07/25 00:00:00+00,2015/08/20 00:00:00+00,5701,5701.34130859,1,36505304.7273534,47458.7602765159
41478,2017,CA,CDF,SLU,ALAMO,00007624,2017/07/06 00:00:00+00,2017/07/20 00:00:00+00,26678,28834.171875,1,174173285.52061,117396.899748338
41577,2017,CA,CCO,ORC,CANYON II,17110494,2017/10/09 00:00:00+00,2017/10/17 00:00:00+00,9217,9198.02832031,1,54071908.8064886,56494.6997950529
41627,2017,CA,CDF,MMU,DETWILER,00014474,2017/07/16 00:00:00+00,2017/08/31 00:00:00+00,,81826.2734375,1,528043838.367942,243283.931816571
41656,2017,CA,CDF,LNU,NUNS,00010049,2017/10/08 00:00:00+00,2017/10/31 00:00:00+00,55797,55798.19140625,1,368001231.280939,305483.09595718
41660,2017,CA,CDF,LNU,TUBBS,00010104,2017/10/08 00:00:00+00,2017/11/01 00:00:00+00,36701,36701.984375,1,243263474.144085,167697.410771885
41661,2017,CA,CDF,LNU,POCKET,00010104,2017/10/08 00:00:00+00,2017/11/01 00:00:00+00,17359,17359.328125,1,115747129.025799,143951.044920182
41662,2017,CA,CDF,LNU,ATLAS,00010105,2017/10/08 00:00:00+00,2017/11/01 00:00:00+00,51624,51624.65625,1,340432031.808813,217876.45102061
41704,2017,CA,CCO,LAC,CREEK,00362189,2017/12/05 00:00:00+00,2017/12/05 00:00:00+00,15619,15619.14648438,1,92857036.0754816,71990.6476739006
41705,2017,CA,CCO,LAC,RYE,00362441,2017/12/05 00:00:00+00,2017/12/13 00:00:00+00,6049,6047.71875,1,36056780.6262954,43088.972676652
41741,2017,CA,BLM,NOD,R-4 PARSNIP,00005180,2017/08/30 00:00:00+00,2017/09/15 00:00:00+00,0,18601.98046875,1,131169145.052987,94536.6430737674
41747,2017,CA,BLM,NOD,LONG VALLEY,00030366,2017/07/11 00:00:00+00,2017/07/27 00:00:00+00,0,83581.4140625,1,577257450.156124,254095.862514251
41758,2017,CA,BLM,NOD,MUD,00005152,2017/08/29 00:00:00+00,2017/09/11 00:00:00+00,0,6036.06494141,1,42209652.6940346,30699.5418986299
41778,2017,CA,BLM,CND,SLINKARD,00001478,2017/08/29 00:00:00+00,2017/09/21 00:00:00+00,0,8923.49511719,1,59312745.7864207,44057.8064339332
41787,2017,CA,CDF,RRU,MANZANITA,00078840,2017/06/26 00:00:00+00,2017/06/30 00:00:00+00,6309,6303.65869141,1,37095308.3218423,33443.4784674892
41795,2017,CA,CDF,FKU,GARZA,00009755,2017/07/09 00:00:00+00,2017/07/25 00:00:00+00,,48886.6640625,1,302589005.41855,115590.242855748
41801,2017,CA,CDF,FKU,ELM,00006727,2017/05/18 00:00:00+00,2017/05/23 00:00:00+00,,11146.75488281,1,69188487.9482633,46144.8660289827
41811,2017,CA,USF,SHF,HELENA,00001770,2017/08/30 00:00:00+00,2017/11/14 00:00:00+00,18316,18493.70703125,1,130623106.264194,115013.182628505
41828,2017,CA,USF,SRF,HAYPRESS,00000914,2017/08/10 00:00:00+00,2017/10/16 00:00:00+00,21301,21317.93164063,1,153769708.621984,120160.213658413
41836,2017,CA,USF,SQF,SCHAEFFER,00001317,2017/06/24 00:00:00+00,2017/11/15 00:00:00+00,16031,15833.21191406,1,98333942.9493839,111481.627255295
41837,2017,CA,USF,SQF,PIER,00002385,2017/08/29 00:00:00+00,2017/08/30 00:00:00+00,36556,36619.42578125,1,227595620.3648,112701.652011041
41839,2017,CA,USF,SQF,LION,00002753,2017/09/25 00:00:00+00,2017/11/02 00:00:00+00,19215,18913.57617188,1,117993626.579633,76518.4487986541
41849,2017,CA,USF,SNF,RAILROAD,00001743,2017/08/29 00:00:00+00,2017/11/18 00:00:00+00,12377,12371.1484375,1,79569406.9860294,108952.966461887
41854,2017,CA,USF,SHF,BUCK,00001850,2017/09/12 00:00:00+00,2017/10/30 00:00:00+00,13343,13357.28222656,1,92794431.9250887,68184.3437889672
41871,2017,CA,USF,LPF,WHITTIER,00001770,2017/07/08 00:00:00+00,2017/12/21 00:00:00+00,18431,18412.40429688,1,110052443.243182,76132.4528731505
41874,2017,CA,USF,VNC,THOMAS,00003583,2017/12/04 00:00:00+00,2018/01/12 00:00:00+00,281893,281790.875,1,1681105894.58676,540531.887457906
41876,2017,CA,USF,KNF,CEDAR,00005915,2017/08/08 00:00:00+00,2017/10/10 00:00:00+00,6939,9129.37695313,1,66826182.8585519,108875.126942234
41885,2017,CA,USF,KNF,OAK,00006016,2017/08/11 00:00:00+00,2017/10/10 00:00:00+00,45403,91125.328125,1,662759651.436552,470305.295948045
41886,2017,CA,USF,KNF,WALLOW,00006029,2017/08/11 00:00:00+00,2017/11/13 00:00:00+00,5272,63785.0703125,1,459363739.031816,302323.992355045
41925,2017,CA,USF,MDF,COVE,00000722,2017/07/25 00:00:00+00,2017/09/06 00:00:00+00,30886.5,30890.86132813,1,221557152.639378,85246.3692302659
41927,2017,CA,USF,MDF,STEELE,00000776,2017/07/26 00:00:00+00,2017/08/13 00:00:00+00,45690.4,45704.01171875,1,333949956.298885,210887.602572677
41950,2017,CA,CDF,BTU,CHEROKEE,00015933,2017/10/08 00:00:00+00,2017/11/05 00:00:00+00,8417,8415.80273438,1,57418682.6720682,56006.6256092136
41952,2017,CA,CDF,BTU,WALL,00010975,2017/07/07 00:00:00+00,2017/08/03 00:00:00+00,6033,6028.48974609,1,40992989.8635441,49937.6101350378
41988,2017,CA,CDF,NEU,CASCADE,00026269,2017/10/08 00:00:00+00,2017/10/26 00:00:00+00,9989,16140.79882813,1,109404876.923658,126853.61480453
41996,2017,CA,NPS,YNP,EMPIRE,00000084,2017/07/31 00:00:00+00,2017/11/27 00:00:00+00,0,8577.55175781,1,55463909.9586724,156091.427983015
42029,2017,CA,CCO,LDF,LA TUNA,00000965,2017/09/01 00:00:00+00,2017/09/08 00:00:00+00,7194,7051.35107422,1,41848445.2727321,39362.4635113608
42030,2017,CA,USF,MDF,PARKER2 ,00000862,2017/08/03 00:00:00+00,2017/08/15 00:00:00+00,7692,7693.31933594,1,55487039.5245964,154167.754522215
42031,2017,CA,NPS,YNP,SOUTH FORK,00000108,2017/08/13 00:00:00+00,2017/11/03 00:00:00+00,7000,7560.07666016,1,48763696.7022951,109839.559860555
42032,2017,CA,CDF,LNU,REDWOOD VALLEY,00012172,2017/10/08 00:00:00+00,2017/10/25 00:00:00+00,,36522.9453125,1,247373450.637554,138169.276738236
42033,2017,CA,USF,RRS,ABNEY,00000568,2017/08/10 00:00:00+00,2018/01/10 00:00:00+00,,32893.26171875,1,240885915.488908,174124.472395059
42055,2018,CA,CDF,BTU,CAMP,00016737,2018/11/08 00:00:00+00,2018/11/26 00:00:00+00,153336,153335.5625,1,1051100904.37253,405925.630140407
42113,2018,CA,CDF,SHU,CARR ,00007808,2018/07/23 00:00:00+00,2018/09/01 00:00:00+00,229651,229651.40625,1,1618694608.19215,515058.517709546
42246,2018,CA,CDF,TCU,WAVERLY,00007477,2018/06/29 00:00:00+00,2018/08/09 00:00:00+00,,11759.61816406,1,76775934.0774375,80615.1222594255
42278,2018,CA,CDF,LNU,COUNTY,00009502,2018/06/30 00:00:00+00,2018/07/11 00:00:00+00,,89831.1484375,1,597104332.240603,213735.978033172
42291,2018,CA,CDF,LNU,RIVER,00008653,2018/07/27 00:00:00+00,2018/08/10 00:00:00+00,48920,48920.390625,1,328776999.427296,123952.417928106
42292,2018,CA,CDF,LNU,RANCH,00008646,2018/07/27 00:00:00+00,2018/09/19 00:00:00+00,410203,410202.46875,1,2774859060.55707,450086.790106563
42311,2018,CA,CCO,LAC,WOOLSEY,00338981,2018/11/08 00:00:00+00,2018/11/08 00:00:00+00,96949,96949,1,573850675.403942,250299.952533699
42332,2018,CA,CDF,SKU,KLAMATHON,00004641,2018/07/05 00:00:00+00,2018/07/21 00:00:00+00,38008,38008.7890625,1,278368151.736614,154918.847360768
42350,2018,CA,USF,STF,DONNELL,00001702,2018/08/01 00:00:00+00,,36450,36501.51171875,1,240469888.3528,266577.63641885
42351,2018,CA,USF,SHF,DELTA,00001444,2018/09/05 00:00:00+00,,63458,63505.609375,1,451652749.714737,213920.868401621
42354,2018,CA,USF,SHF,HIRZ,00001223,2018/08/09 00:00:00+00,2018/09/15 00:00:00+00,40580,40608.43359375,1,288666688.58755,166007.16920277
42355,2018,CA,USF,SHF,MOORE,00001224,2018/08/09 00:00:00+00,2018/09/15 00:00:00+00,5570,5574.37939453,1,39558720.8387636,29164.9156622405
42376,2018,CA,USF,CNF,HOLY,00002664,2018/08/06 00:00:00+00,2018/10/17 00:00:00+00,23025,23025,1,134978279.579941,90674.230999788
42380,2018,CA,USF,MDF,STONE,00001193,2018/08/15 00:00:00+00,2018/08/29 00:00:00+00,39387,39579.4296875,1,285155172.208241,104656.949551851
42387,2018,CA,USF,SNF,FERGUSON,00000745,2018/07/13 00:00:00+00,2018/11/28 00:00:00+00,96900,96900.0390625,1,625823315.548968,236081.231941122
42388,2018,CA,USF,INF,LIONS,00000493,2018/06/19 00:00:00+00,2018/11/28 00:00:00+00,13462,13462.7421875,1,86880896.4606188,74767.4907176496
42394,2018,CA,USF,BDF,CRANSTON,00011390,2018/07/25 00:00:00+00,,13229,13229.15820313,1,77576969.708488,110578.765247428
42401,2018,CA,USF,HTF,BOOT,00030600,2018/09/14 00:00:00+00,2018/09/17 00:00:00+00,,6972.25195313,1,45997275.1261507,77419.8101111076
42405,2018,CA,USF,RRS,NATCHEZ,00000348,2018/10/19 00:00:00+00,2018/12/18 00:00:00+00,,38117.8515625,1,278429084.94343,230723.060895212
42409,2018,CA,USF,LNF,WHALEBACK,00003951,2018/08/05 00:00:00+00,2018/08/06 00:00:00+00,,18701.8984375,1,131529873.670576,64113.0957824329
42434,2018,CA,CDF,LNU,PAWNEE,00009002,2018/06/23 00:00:00+00,2018/07/05 00:00:00+00,,15196,1,102191530.303575,148744.005784788
42453,2019,CA,CCO,VNC,MARIA,00090135,2019/10/31 00:00:00+00,2019/11/05 00:00:00+00,9999,10042.45898438,1,59718543.840633,66055.5952608482
42478,2019,CA,CDF,LNU,KINCADE,00019376,2019/10/23 00:00:00+00,2019/11/10 00:00:00+00,,77762.140625,1,517112590.749095,238568.856408905
42566,2019,CA,CDF,TGU,RED BANK,00009386,2019/09/05 00:00:00+00,2019/09/15 00:00:00+00,8822,8822.02441406,1,61191653.4728188,59558.640806552
42617,2019,CA,CDF,MMU,BRICEBURG,00021257,2019/10/06 00:00:00+00,2019/10/20 00:00:00+00,5563,5508.35009766,1,35579063.5498213,32223.6346458028
42689,2019,CA,USF,INF,TABOOSE,00002018,2019/09/04 00:00:00+00,2019/11/23 00:00:00+00,10265,10267.63183594,1,65304716.4635497,96472.369703219
42691,2019,CA,USF,INF,SPRINGS,00001465,2019/07/26 00:00:00+00,2019/12/18 00:00:00+00,4840,6614.63427734,1,42987120.6774422,31381.9091531778
42710,2019,CA,USF,MDF,LONE,00000836,2019/09/05 00:00:00+00,2019/12/02 00:00:00+00,5737,5737.15966797,1,41766711.4588265,34608.9320019004
42711,2019,CA,USF,MDF,TUCKER,00000509,2019/07/28 00:00:00+00,2019/09/17 00:00:00+00,14217,14184.66113281,1,103380899.976454,70971.9579013602
42734,2019,CA,USF,SHF,SOUTH,00001209,2019/09/05 00:00:00+00,2019/12/02 00:00:00+00,5532,5333.99072266,1,36952235.0572737,99390.0258406781
42745,2019,CA,USF,PNF,WALKER,00001324,2019/09/04 00:00:00+00,2020/01/15 00:00:00+00,54628,54614.90234375,1,378027378.834921,271202.794103387
42764,2019,CA,LRA,LDF,SADDLE RIDGE,00001582,2019/10/10 00:00:00+00,2019/10/31 00:00:00+00,8799,8799.32519531,1,52335530.8265978,86547.4078323657
